<?xml version="1.0"?>
<why>
    <Success> HIGHEST STUDENT VISA SUCCESS RATES IN THE INDUSTRY.</Success>
    <Guidance>THIS IS WHERE THE WISE PEOPLE AT OUR HS ABROAD ENTER THE SCENARIO WITH</Guidance>
    <Safety>YOU GET ALL THE SAFETY AND SECURITY RIGHT FROM GETTING ADMISSIONS TO VISA APPROVAL</Safety>
    <Scholarships> STUDENTS WITH STRONG ACADEMICS, GOOD PERFORMANCE ON STANDARDIZED.</Scholarships>
    <Pre-Post-Departure>PRE AND POST DEPARTURE EVENT IS ORGANIZED FOR THE STUDENTS.</Pre-Post-Departure>
    <Counselling>OUR ENDEAVOUR IS TO PROVIDE STUDENTS A MEANINGFUL GLOBAL EXPOSURE AND A PLATFORM.</Counselling>
</why>
